subscriptions-operation-mode,Online
subscriptions-signature,84753bd0-9624-4780-926a-4289767168f9
subscriptions-versionRef,128
subscriptions-segment-0,ikMj3XQQJN4oTa95mSrBxt8xs7wvagBpbcc7XU0DnNdeefk7F9xvrXuhvGD/B82DbyatfdoObTcVSwbsKhIQNwZbSpQtOoT3lK5XJ/qvjxRHPO5BRclJJEPnrAmwGKyqZEzE9WU5DLQg7RwoDGvSJVN873WWc3kYYU4l9isDsfCo49fJOo3H9CRPlL067tcaEQeP+CO5buPnS4d/TWQvOMvMGQe8ZEUHkF9UNeS2G/2LQRQYql325Hgdq8LUvK8Qg8asv98583rAObDicP05GWau3uDxX5AxO+BcyqVUrVtl0jXxUGGnRlIhUYlggsk0L3fv7UdInNSJgQ0RyTOq8t0nmpTrwZHy2If5OVErsv9oVQXtoCX7d5PLFh4uAdUHkvKOsqFivI1nqRtdKV4kbDcipUfmTxlLjMmY3xSMSyR150dipSxt4Siu2RJuWXNy547ZhoDZhTah4U5CZVPBqrVyZk2pNkA5NqZTT9XIHpPHKl8NCOQqZPefmtLP1hsx3tFtukWa4cxqeZxlnXLgbWW1g746XNAMk5Mbc7AQKuV146SFZvdQOl3izxG/4gNtxnjkoBIx3wAljA9y7xi+/wtCl+qbLMwhS0kis9PIQ464pV5lVLl9PWqC3wwRcQ6TeK29nzYhUfHCCdLHZrpsuaI/bxPes5LXJDqROoIMjA26/kYbwQ1G5/szenXP02RLjGtM7vmPUZXBgCDdrYWd5s9xja9+S4weOji3ofiV7N/SnyN2zaexHP8ARZE/lV1sLuWtE4jpz5EyPq64BfqD/iY2XKl+wOpm3np664GQ2yvYY9yePsIEge3dNfzzD3KTXds9qsxkGbOvNwudSC0kgupvkIMX3IsxtjKrfpiANmIT5uZ0Lm6LFsSPd5t7j/MNS31SMCdHszk/tEQ/F5sQp8MqEcqtY9O22yvj0NDAN0OfbQWXICLj7ydiTN7h5t8QGmYmxJP8B5Fg2r86lWlCJTlEnN1tatv4eAElfg2x9fqqpEPrcgs4JeIO+Jq87qRHdIDdgB6NhJQZDHwlKDvHhwBvaXoAa77xBDzl5it7g+ipis6baVNj6OCod7W/kWTRUn9kELXulGeOv/ThG0gAFkpKLuUj7STcuWQAQLbwbWhKwGTePvuhw31ESAvT6Bdy3QMWRHhdKjWtVnppzVyYQ6rWFl3rNc9Dk8d2UFAmGHP888r1ymcYpkA/AwmaYk2+XJqcNxv2MwnrtI/xrvQahV+HLvn76JG2Pvnstrx+b8y4goBBwpMIzOEztwpCJ9/bf5GE1+O4/6Cj3i3uO3XKef+onjsJnEGJyHwp4sFEg7KwTvh7B20Eadk//+iQIV8zf6yAffUKqtRaa6DfY3BrFf82WQvtrJud20qnCDjA2fnxgkn1xnq4S/lw+jFh9ge/mriXl4OD7tXNsDiJGJKJTDfY6lfrLd8QHh95pfESyJjH5v5JmCLrmsrwCz1LRkY5qXEIu7lDE3A9fNhjKlHE+M1oy32ApVBKmzsa/8EUCc13hpHVvLiqnnmrd/JfUg6H/3GSuri6c8hPBllqCN5qIvizzF5v9O5/X1EjSGv2fly6SSRHPe+2qhEmGLNB7U/ERylOzmr4wIxihqCql2gVDLE73QBI32IiGthoc5ViLP6clZ3wJG9Mi6GVplAFqeNc89GeltmI2j9XLt9pd9GqhYKk6blhA0gmqDqqKGbNi3y6WUFjsmwxJZpVnq/ZfqjjHfr1MqDMP/NjiSKOSS+Z/o/c97kP4q+Tv3gEGj+z9UH9KSIYXx4Tu7A+CVvM48HD5zIhUp41SIgjGZojU8VcnNMk9RnWjQZ2AIZxOnpmIcR/Sc/GVL1TxuxPOD1UTv4w4QVUnFA3j048+jIbLbVYhs74wcnc0ts5iYHZ2nY25Gt/t+oORthb1ofKzWnCnDmN/vcR4Qd65JTlbLssPBjpIdJYYRT9h7q2OdjFRFyU3j4Ko7VKWv6BsSbd+MnM8/fX713MlNDSwkSZsoBr
subscriptions-segment-1,Lvoj2LnOdMp/pNZ2fNIcnr8+ffcmtGllCrPC9nJ3dpx+Ojx2trfU69vpElh05ADUVexg3uglhj5QlDFvsUWz7IbUOV5E9DvW6eDWdeoNfPo4WTrVoHMLc5Da4xjponPhJvygoD9yoHn2hMTt7+Uy4+Itwy7o+pkuW2VQpK05jYHS6rmF4gc8vUACxQlEJysyDIhHLaAvASSEdTJ2JbgU9Gf2ODyglZo/ZAdPJd7Tz2lKt3moEbLoCpWfot8R3CdbYUESRrA9L56bmqX0BWH+QXj3Lj49tLgIc0I4pM0LlTlrSG7V05AeLPZ/3XwDNcmg63GuLdJgktXKdkdW8rQIwhrDIHm9yabVs2/BczTg46G5JdRozpjzpk3c1FgKRx+Wg9hqBDWIOFPkMPuOStG4+PUftmvH0XU/B04P33HnIiwhUZzCSx6mFssQAbVgH7INHIsDn7ASmCe89R/OEpksKYkY4j6NbH43JZN+EgGiGm3GQP+xifI3m9YQCCVSiGY0rS5Cr3L3oAn1YQWsZmoXaQk2doeJAt2RziGb3MpaYKQBqtfkVrCv4uPLSrAn1rncGbXs+tEkLTDA/OnT6+xcfe+w81e4gxdB/FnC5wBOI5iRCQ4MSVVXzFsiBuqQ5txeqPPlPRqZSJbWc3une2dFEexnThDbo3EjA9D53mgHgYCGYmKRScH75se+p0qELAhPWktO+I4zDyx3q3sRRUXY/oZtepwJ5e5Ht2Iq5o+8iZdY35clUv/GplwYXrRf/ndin/ljktEwWnPg5JtAopVh3+oMQVxQ8kvNVnImv+EP5W7e6QY+NcWKrk//zAhk+Mb5m/OaCJe4HMofWdbNl52YEBBTrkza4n/RdMjSPp9tiWnzi3iFiP8Mk0qeKK+9OfCRm+l4JxXGV4VnAOxjRRfSpqRPzJtzmo6yTFj0TvBoWky67iX9pEQoRDO64uOa3F3UVwwdXKbp8wWJTI88MpaawlO4u6D/58+e83SsTpl+bObI4pskneXM/r68Znk0Rti+uPS7AdLSPMbEBSXCk1f/F/GdS2Ex8VEZ+V/wNn8TeSJzs24Fe4qHUMOmpLc6qGHG/KLpW8OD/bQftPN2ST0u35O3LngM/i1qfDvrrMBYwmOeYBBfSDFb+uBO7qw5aag51vIwGJBiKLpJ2luZZYEKQsVYRxdcK3+oEpywa7xikkjp3NX41+YGGhv3v+2bj1mzkMh8BjipdN+y4Ea4WgGibdb87y6zBCZTJwCWtId0Do1AxYzSbfBlbarfqrIOwyS980eNxbdlmfOeYWNwpAFHTi2hqvffwUFg6aeQoh+5vd9xieIa3c52GUGBQr/V7Zhv6ZW2AZg39E//P5N+sNcuTnEiyTFZe/0u8qYVFXLBPVVPGeSJQbeS7jYmJg1I3Ibd68sJiX3LVNxzUHUhXA0M/CwjZZoIaKrZXVpu3ShqxoVpubtFsbocS/ZZPcQoNX/+qk8gN4xuvpbp6qqV6J8hkTXgbCwK5Yp3YyKLxCc7OUpBXdWYbfvHYuDIDcEtN61olQkJzFnfuzozxIfpGGedXbF3US5YJqj69sjOgxXzglS5jR4OotVJ3KHwSjzK5QthCK7VjfU13NzHgdnaZOX+Ckjz28BxCKdU58BQAE2Q7TooIqkeAuUUsoYDfLt9IyHzFivc0u6aYjT6r18x4vVyvvmfktHkeEcBZR5Do+2WEadER5An7j+fOWF5kn1JoHQPYLqAyn7lI1tdpOPBy7Hl49Rp6Ty+sW1gRahyGeaelzxa+RFtLyZbNnnJ41DqXEwCA3GBCpjS3K78/DPMy134LY82yOy9uwGDojkJryfz/CSsBLHvcmhnDnIg0CIJT3R0188ZQezdjSpUSaLkQsAoIYF6wxSzmCpHJZVadPYssjVlcumX8r9E3MpuTdzIQIwjVkbtWKtQf9keAoCVgQDWCwzs3gmAhNnmsh3sWZ9w3PAtH0fyG1SQWZZCGop/DOQ2tPpwzE0VThwNJ0mw
subscriptions-segment-2,yQbdORpVJ9EDIfYhM40GAFXZ70ean2KD0SjjcbCZYio4cvGOC2LoYacfcgu+OfnHkDQd7TMs+RERq/T0LogKixFB5YOiluaigedsCZt/kwzmxGsO4jm6rTJdiRP5DdBKiicbxvCUitLeoxO7D6Ox5VOK5OPtLR395yL82+Q39KVt2MZ9hRiJbnZbXy6bcflxGxap2ILsd3cohIeGpiJNgbiDl5ivLC5ZNYvTjtj8UhaKGjfWdNc2MPrqCIsRoUnYzN7JRZkhE1VWsuhdHBxIaifRzUAJsuJrQr6ITqO2CGeli4UXDRFjJaH6KPos4w0XZvrRuos3e3zrDi2bTRscK7XjAtlnyVlyA1xl5/k+/qdKcvhP/4B0OQ+6XH2SsLKKCx2JzeNvhBst4LeuqoCDJ+OSJoHqSOORiTPb2NTmOm0UK0VPiioZsj0M/Y8SF5JoJyx9Ribg0QobdVCGruXVnZYXi0RLpC8axsQpLfawzmsqp4W4VQ1JPfEWH1HXNuYMRrZsKJ1L3lIBsZtOCyDVOFhfIuVDSPFXj12/+pTSRcZBPlq4WmocP8PyaRylZgteWr35tuzdtMwD7MqRAXcTEo94LfwRWMWVf9AQgkksazp4Bn3JBWGqSZCChbdZ1WotGs9gi37jeSXkeEMUS7I7WlGurVr5Qvs0XJK8wqEc6yrTnVcrklHVz077LkdxsHy2fonK/5gSmPjokywJa8Wfdpl7u3765maUmqd+E8U7i7VYLgKK9EYzOuCvb30s/y0g/wDSjhZSGDRZNZgSvG4CAZyMnygdI2K1X8bVdSt9sUA43X3tgvSdwpi7buwjrN1smNI5o0/gkXszcygD0MiE/N99AkL71Merq+5lgYoyqmts66+v2ytLBV/eTsJR57L0tKa9EnegCBxHiaX1mcYkVy6+HsoZO7W0NHTyK+Y5c9xkerQ28YRK0+1ska97H1RdvauMUHaPv3bBTBah/sSdQX0DTvdeZZ7TT+KLhy+MGSZ62yKGJic27rYExtd9ViZ3w6/HRcLnS+/ueuwY6w02hIH0y6dhBOmZIZkDI1eNd4J+uUh4kj0oyLxHHBNeGBHd+azUslB3evE91MW1pASASz3UxsZLxoc3FprtgvjZlORQFz6h9UwUtt7le472kF+v/GdgarDYMC4xvhxrSNdC6XAZgUkxn5OETJJf5FPPhSXhGMF9fem3sVkLMQ0womgIzsf6ys+YQ/ZFMEMgNkQIb9S1SHEzkjHfprtYm1YcyA7JWtZRo7Lr1W5UwUAGn+aS+BPk3qsg0iw+pCbQg9edzFg0lTgv56NYJDzD69JqyGbLHqpxdWQ1PHa7fVLd0R3VeLce3PkBaFVdagogkNbWeJ0JPTVt8a4bArWJjwFwHKNf2J8J9/SfZNfCbi5MqqCvgjQYs83L/+5xPiAaeDeQbdiDiaU2Y6VJqbwW42uGIhQHT/ZM2tT0vjZyPQMADk55PFLnDyWZpTaAR5wGK30ijoZS4YP/w3Ud1TyhaEr3HHsNgMHa5dfaRKx+ZrJHBiLrx1vo174p2PJX5HR4HDNWneasJ4U2PghxJVCSGTZts86rE/KgCJQVIeZhX0pnCBAARNkgYmRSaaqiMVQ2AQkFXu6Pn5xCe8hGDsg8RaWBxcYLU7QA+LkpZRuU1ROB3D+nHxrmjEpNBs/O+2XjLZURvAbI1JkkpawmWIhyrZMHqxf7uaTadzvY7UuQuSbd4IBukP/poqjvEZOpB68iHK2zQqgBHsoX6e4R/L/DDy7k0oNFAOkvc3sj5o1hQE+BkA6XOt2xsbW9Ya/B0q23LzbV6uBU3qPk6pugjBoJhU394JWcE+gWTFFzc0rg7GkbJDNuo7TTxgQyzRuD2aOS6bgkom1uiG8WLSRs+ricbObo/NV4g3WL2pkX6wOBwAOMYnEI6yeUEcTzuRpLCzIK6Lzn2JMXKubbBTHBy3iWlorSzchqSEplRUaynCr2PUfPkxRjhCRrLmAnwFTyTI9Z
subscriptions-segment-3,5d2bmCHYO/L4qlhByMg69NqTtKrIAfx+fu+huj6XUNi6KM9nxb7kpKs7fO0AHT75ROhtortqhwoJRWiz/W1jMpeWFWj1ve46d4bREXl1RxZw4Zz5vjMciMrTqI6jzvi3L6QPNFg3RoOU9PhRTuFaFXp+xJcdLeSmfTIZXQ83d2iWhEKR59dgliLeAq6alpkuK0Cx503rTBmFZzMK6xgsKcyHQw5DTfXtd40CcObq3iqWT+c8OqbBairIrd4ImqdT3mITUd1pN1z5IG/pNLxrLNpEEUVMU3SZQfgKGavUs1f+xgfl3tVbwMxYvFLIDBhEPXKpi6Pb1qHaZb0jiRncNYIlTdJdOYn04+WQ0KO546BEPnKAW1Vf9gEaDFTxnXzyOXUxgQcU4ajOp/m5OUBzLeFFSv34C1LvMIuuWk83SIcWAC9X0SJtHuCexsn756rTricjgywIgxW91LhqzX34jyJwq+bAK7GzE5vvxYGGihPRUGpIK+NvTKuPnyWeM+ALvPpFNcJmVLCdKboPzJIoDXLBn/3f82JxRm0caKh3rswq++B9Jo7QWCI++gCaR124CY0VXMO+SCnjkjY/pYlsFBV8YoOEnN4MMlNoz3N1Q7JgxZnnAyYJPDdl19xj8rPocPYDdbR1+Tp7/JR1gopNeBKX9PqKmfWO9ycVzUn0w/qfFMBkHP0NeZt4GYQSwBp65wCtIiPHKhD8LekYoyThbDnaKc364x3OPc3SNP2KpmALMf+pApMT9+gUs4ANHiVWWO3Rv+D1wE55F4Iz0ZRpL0YxpQns3QZWTiNm4tyUHiNVwTHZq5uIPTJLVCmefONdtc8npBh76nFvCJB6RI06y7k2JvMmC+6Lm5C9B6JOKKajf2ZaeMt76cvHSxaJI86M35vXc6Zzo7gdZElRU7psNZPT3ewMM/zGjU7dw1OWIyrJ8zJ8vo4BEVgLHknRXbtc4VLgkHP3ydB8wEVQgn9cDfF7fPibjEZzPi+2CyGKrqxCGKVEQYCeAcXGlFZrmbYpcShTn3WOtDMzh14YqeqcjV93tPIYyGZu7J/rWXfyJ1ruky+b8j49z5PuGSRsTEWeHxrOcucebc+ti4XsJfJhidzGHuIR6vLWvWWHeMsL01TjyEdTXF3rWIQnvgsC1dw8J35rv97xps3RnFwcK/OWVPKCwJo8fVepkNpjXfOkOgGLx/2MxDR3s6L0QO0t4HmhIfX608AvsHH/aqt7kzm52ayTtwUtmBUohM8gSnsdaVdI9xm5SVH+vRzDMnJAHrN/juFy8+GSW1mJQEESU20BLYMCnUarXhyKdRLrZfI2/dojrwWIkAKxVZfHBveQnCjByIYNMqikPvD9vu25xBOvR2apITkJAXvduEzn5bsCSaykv2oswI1hIEKy4D8q1YXz5mt/0Lwh/Bz8nekCZoRkeWXoCNgUqjocdjGeXthvZj5IsrDmakFTOAz0x3pbKkQaG++luMtDW3sk1OwUI9Q6MfNB53gtDOvX84RpZ5poc8aC/gyPrgOIQ1raWZ0bw52vRjWFmMI2pHXYCsjNgTbgaK2iQgbem0oUg+hUmwt5L9vXV8mqHBGVQ6ZN9cebu9jIyrboFnWTVS9v0bAKb3JA0H7vWu86DrBbLNwjrho3Hj751bHmYYofNhmNvxfM6h1TlJOZ6/GVKYg+OcVltrpDzEv40ZelIeg8L2w/osVuybHSMRxALaNWbIrtvkCQ133rpUVpAIIsMo+lq2aEupqVWSz+ZDE9TraZNzb0rRgY81V2lewdy4BCqcGZfRhZjG7laTeV1+xj8dFveYFWtIGY6SL8ZBxc1i4oXyGdnm8dNv38W57vmErnzHjg4n79cbAre5NyK7SX6zRQoPpkgDlTB5C2Z7g72mo0Q/vanExfld96HF6Tz2iZXuw0THcaADwqEjn/EsK3OVbVXa/5L8O9+6AXKIhNUXt3IZ91LSTABDX43QT/IUgdQ+uVgT48cxmDSWGhREh3kLuZHez+
subscriptions-segment-4,uxvGUsqbhzVvP6M/sXVERqxzU5BE/mLFmPNFUPs3Hk1PsFvcdcg0CWI4CejOvlhoi67mlr0ay3b6dcVhN5sRSEgL9w07XQcTcrZcJjAdYiEmtu9WFVKnOtGMMeEdXAJjbnHYrTvihoF+yYjSxnarx5wLpxyIjcJCYEdXsErwskpLAhI1ZC929UvHHkUL2MIVaGPd6xOlGAr6AGnd3l0RWAbCZ6FVcXyIfzKa3HDR0G2zqp1fE6w++tHJNlNnba2OLVyHZksVOOvPKvMFmW775e8FTty+RVcnGOjvXkAZfoniGE+W0vPVK0wDX8TIovHWm1z0gaAEPHLkk9Le+Jj19o2Tib2KEjjwL5mV+uWwDhtINnZ9LSl/dRm7Q7aFI41o4bsLi0wi9SGdQTtnf3LOykJAlp1jTx9vHHMgQh8Id2qxru1mQ7SFYkktPy17Tq24IS0FA05wL+X3Ta16DPtdWp8CeTpQFrJnmZzm31TxcYITg4FzMbky5XMM49Ge0BJsDiSLfUI+tmD8OiXIIU6w2L4ZYDyFgGVj7jYi3bhFcbV6ICjgeSJJZmccbGqOZX2xo2ZwPynVENaOQKmzlznnEi+HPz6nmT51BxHd6X7sgJfQtACD+Wb7sdRt2xzznAdVNs74EM9UF0S4uN6tWjYlWOyxceSxoFmhZOAagCpvWWFE6kFcaRt9OtKa8GkHPqBo64eZOvAeoyDWT9YAgzDpt4lfd+NII8Z5VFAZl7g2ygOTj0JXYEnDIHW5i7onA1+XJtstvbyQAlFWS/GTLp8MK24dnya7CMJo4p1A9s0+H5A8//ABFcH0CNwgd1y/qyon9/heCXUxyimgAog0E7fBnFqgXBjHCO8/GtCo6dh4uWX8o5TMbiYVZuca+KvSED6iM8TV7voqmifMYfdgtxmqUMGe0gBNGqWWtbCzAQKX0wk2RA1XoiJg5H7ohzCPjcvkL9fiSR9wKr+/ArI0cDhXAS5WizmBJtTDwpvKEoZTWefO30IiHNx4NNe1NWOlYtRaWzkh44W+hF+tf871UrfsA8bZVU3TIUvZgiqEAIgja38AGffIzhI1431jlxBAVHFOXDk/2zOpNROpoNJ4RbkL4hT6RHfhI4gKS/ECw4cRw3eXZtho4GGhaukv24uE9FqGxbfiO9Ga4+pQar3apT+tJacCZ5PFSMntSJM5/eKJ2LuIHuPlmUNcVRwu8Y5CtVKX6YkQA7/SPH5sxU3epoN8//MDArxIYqc+P1w/Fw3pYZkHmZzlaS3fImxIfkxwCr+mgePYpF8Mk4289ILROxpSx4D1t8y2WbjAxXyNskTmQV0GftrXAexKNGoYEBlNuDbVl3bPDjkvNQB7+Ko+atDNAvG5BVoXeW0qhWlLwV6zWqHYOB3dR1V0KIfY79UDd106rY+Gf5L4yZLcg8KhVtdHxoLUH+svRe++XGpxmO/Qr4cXbUuAE3AH165tT1dYHxAkdPNSkdJMwVEvx7ONWkwqBRmyRoCXDt59CezxNNn/+d8LLU0jf75nXXRq0/jd486vKstveNzo+9EUMPXF+JFRhojwNxcutUUPUaU+xxJQ+S2NGNo8sOxPtNq2/cuAsx243MZikJ1qz9W7DXx2IUJYvuAzikT4u0aMkgIz5eHotRJSi5XlSqVMj0xI83fsKQfg8pOyCeHQCY2oBxZVICbpcaO8MIouMQnkdoBFlqHB1zCBBuQYL5ocnI2T/qckjRevfXAX3Z1XkOAE81y+wT33gSrgXxRI0M1I+g9Ojv1bfbt6qYE4lK9O/e56bvvV+iT3MM49OzvdwbbGXoOd9Jd9hKwzQ7sr8JBR0DvnhUb6309j2TBKDTF9dpRlu6+rsixXb87T4li53ktkexek23gXbPPJRdtUKKreyy57g5Wkl2S3CKjW0V5oSACg4BswVefbgvgLpVD6JFGC77bRyCKrDdaK2H9O5Cdu4UFOu6qB1cEkznfV9J4XzisFyhSIbYh1BgzevWI+lzy9y/sd
subscriptions-segment-5,l3Q6lYQD9dNC94+D1mslXDkn3eijL0fyXq+5UsRFq5MC9gqx+dA6U8ipRF0bqmN3hyiGxFdRP9jw1bNOggiTTp9+PWiwRkvAPj0nfBZyD5SZDcIpK9OBfZqWO9Za+4QoSjb9ECkW6uZPgljffdreGy/xtfPzQ9SyDDS62AoBZFzw34jAwJJAGRgCfQ3J/2UA/Uu8oGIGqrn8izVIQKr2G6v67fytiwJkGKdFjMNXVEQOxI618ekccOIG+xqde+HO1k03+oweSaZrKLqyLOW8CLm2UcejZ8nFunjcxaxtRSaD6USVB7LrZTo8QsOMrmDBLERMKBPGo3PT8kP7wJJt6itWCnktejE9G+NlTB4Ij7kSwd10ZMLrdmnXN+NGPOxG+ddUnmdgnWeuixOU+PYOZcU5ja51xzbgDbSNwanLbO6k/7V0votgnsfNYzDKvzd7aZN/vewKm90UEJx0hI5k7ql0/nxQQdYAG3YBTGknPw8ZiSECyv4pU9+v/SliXetkJsKgxbKSxi//qa2i/rGWCZ3SUEwvIANTea5OX/IZg9hNpBMbc9RFE+8rpGjxB9fS496FxO7d2HlcaBiAlnxB92S0rV3cJReeHi36c/exDBooYyP/JU4EBP+es45eKENLoRQq8VRbsGUQoHpbTiYeNuwcz2q9PUKO9NSdWAZzqQBZE2+ftvpJQoa0iNr9OUQ4vvMvgjZWEFas3wqs7FmXo+IqimKQUqw1F73Tn+kxE3LF78tqGS2kh6XRNSwmdtzFu3EsZYVSbFo8Dz3MQ2BKBeDklg/fRBryRB/h+Wrgq7JDsgutDyajDKibGjnS2bOXE9Dy0HQq5qAXwKCtfgYPtiaHMCZRlZ1Y2HnQS66vxFLumc589y4RmpIT3NBlHPiRoBJs/j9z7Y9J4HLHnxV1fFJAwcShD/Vlgjm7hp3ISCYWwb7iP9+mqd+4ucSN4TJtMXAgtdxRSAdO6FDXoDgAZHFXtG9LpII7MyZUCACbKniDcb2xiD0wOS5VPMnQvOe/IPkc57uLvXLA4w8MsFDVN15VlDE3og2fn1eQZVDc3Ct/auex27/coO7h0WFcSOWuw2DLnLdnoFQFCteFkbpVWnTcmZdBb2cfKeSx5pDoUFJUWNSWCsh3dmED/YmOfrwyDOlWI6iB6MbcMxIlbvy6dGGYDQj9XcRF4+uglmfeA1imqvZRmYS4Hw4qshURW7AVXCn3WENhle543vv58HqxL7hPH1s3gCQuuV4w+J/OEEC/Fw/lKN/zBsbKJ5D3Lklvp1jMMayeXMptUrSXCUaZo9CStZVQI7gRkugTS+s6BfgRvNOcX1wSqnegRb6vSuMLvek30Ct8VMHdVQ2SBkLV/CnGx9ntN19PDjtoeKq3frzS9wXk2Mn3s+5dYZWOotmp9VgAfXtcc4nwk4dL/Mlg6lzSvsFvumzgX+AC9sG5ZS1nYKv6FcvHRQ+f3XEvA8D2vQm0OCGt+4rsx8OFImF/9WH9q+gK+kg+gjXQXXfj/YK9V7YgMZf+sV9zFFLjfPypKkyp/tjBcOO+9H4rH5ByhkmNz6bDF3gWqZoMW3xn5bO9QlBE2GfiP+N6H42FlBATOKKKjenLq8j7R+XWovyQ4lCud77fakHbs9VMP4wVWELAhP/N5mGKr/0accGP0zzgMCL17eqlWcGG62w5VhOOMALQdwjqBG/LwVtnaQCNO7YhR5Rkn5v3XultnxJWZ5G5Qc+O/i2hQtnAFM1Du7QsTjlqetAUd0+pGrU8J9Gxc+U29t8VouRvIEaRHl0xTwJCTWqnbJ8KrN7ptMWW9BbB/Jhq7bJeN6jWTEh+pG1g0yqhyzqrqwdFOTuxvwE3of1iv7CJ9lQ5AFCRs5dP9cMbzBMgCegbXbswPTRZFOLUK98U60DwL5O4LEKk8XYdQ+cHUhjhes91WcPlXBUhTr+xeiObaBrp6pj+/LCSZ6fowmtc4i5zlTVoK2VUISuZCXMtJevRLHkYMRrN6//2
subscriptions-segment-6,hsPjYZcXer8EwixDGdnphyv6eR4yXEW140SBBYCG3r0eSrR59OiDz8KyoMX2CqkFSQm4/pkU4JOTQk8ly+VndSse9/twyYXX2OU2Sgct40+r3UU8RQkCOrcSllhdcRlaGzfZKRozRbZTHaoJIeulpD3fv8wEagiPChhHsCil5E0HaiJocG8MCvtWowg7T+DWASwwMCNBJczUVgl9gpVCsZGuseR7oiDhMUJhkUz1hfF/8ZexuSrVe7o+1e+bqXJLq8FTxi3vAvPCFmyACqLqgkRIskPIEM2DrfFrUYNJzLIyNpjGD8avLnBRLdQJ6nOfBOMcACEh362wxlyLRXPdesF6WuEd4GJVpUWS4sGku2hRn0sN7IYBSOBiAO1MMjcfBvWuSsAfhZwo0yxPyoeMYLqb8oVCwcoIWt3miBRwXKtydzPKVjst15dbvxWGc6vFLYbil8jn2epNdqR8FQmWiAc+e/m9Igqe1JZ5yuRRowhxaWXWSMBO5ELM73L2Qy46MsOtyfabxBjLS+JYUiEYbYd4fdSRtCBtKK6AHPzDJk1s95EMIWDmSrJ5Vi2t5JALRwSR1zZymN3Rj0Q5H/s3o7IOa9bqPbWqB5jdDib3z5ZA/gcI/sGZQXNF+plP6sON9uVGKvSZT2we09LlvLkI5U7UZXxR4XOiqeyEPE/bN4hgE2qGhOs+QiPFTmqpofexwd83wQ2HbiK8N60AlVj5PCFuayN1tHnXypZmcnQsyviehFCOjkbxF3U6Ey0q/QoQmJxvqjLAqT19bvXEi/LT8rjXASDcPwpjB1EXbq1KW2tyCVRgj2/p1yf5TYhbB6TMpppYHZmmtnYOAmPyz3BJLviXsQrOpWM4tJ68k2T16gItR2eBh1117BGWHOgmMtyS7ieO4n1bqNOnTEh/6cPSaUnLDmOp8ZRqfb1BV+SUjIMZeL6r7RCOyP2Kaay4Nc3qN9xRcJejH54HaekyM5csolUOv+VWWTh/gvNDlGB5uBgkezjpBGLatqgrg6gNxlUPVVO2xDOzfNjnAPjTN4cF8yQx+vj+GN/ISKqDkNcT58uk7GAOpkSQ9REn0/d4Dnjyb1bGaEXcnGHsog7OHZTHNlp4s2dTv6LvXSXIRTqbqD7lMDl0AM+Ux8s/ml/5PhDZUTaGy9R1D178gdsGkfa4gY4XGHEnGybQwI4wy1TSd70skKN8Gh9PKE9/BE6jEC203h/W0wE3PbUOCgwEq2JNQEPXWjNu9r/vAbazhxO+SmXjGPa/YcjKthEcDV9+m9j9FHyN/BKzaVoW0Wz6HF5OutuKDmaKlJod8flsa+PF4e360Xpy8AUd55Th9UYLYp0aUWMwSL3ajKgVuNMrC2ajM3LM7ngwVp8kwUC0zMIYT5+St+PZ5OlnyRKswD7f2FlV34IMAxJoZ+6UdOPY/o4n2rYG/yQG/L9eqBLbMV+6NOqgEfKEOb2OVruUT063Qw5Hmbu7m/mPHDQ6XJgxLZfWrtAQjaYTIG7sDOs+pY8AJKsrln1L/8r69Crt/hXJniigZn1PFSVfyl+DDoIjieaBbocg5xqw9aijpkkhkgP4Xz8uvalFneaqQx/zeYiHdw9tsR6+FzLoZsuN8s1QXQbbGcl5NxoI9dCGBJ06ok0TU4ojkMU+gTwC5DyanmCTxZ62O+Hk2uYv5LGfWXR9ZEoeaHN+tY0L7Ed7ljLZzuc1esQEJ/MlUQib385UChGCohu+CjwI/vU413nsE5z5N+O43yGSGJT2HZ4DmRla0r3Vrb4+H7wjHvuJwy62odkr/ash7FQx+6pQGtZHpA8uuy0ZAd5kQ5P0Da/cyDdwPDuGlyG1aSFIP693K26I7t9EHhfr5h7Pg4ld6W6ZUbjr55Wti0Fk9AY/ir+KJiMw/4BHsCavd96Wi4uXMrbMhYGs/6AKkKxgZYdx3TmkYqfHQJ0WYar53Nw3ySfpBQb32BqTtmE+nt+50MY/YLRUtY4JOIz4NryG/NbSoig1TLDO
subscriptions-segment-7,sNBj2V2H+rUPV95nMdF0KqAM5PEJvSb2snjWEkfTfGFAJvc4TYfFVmMuJCfgz3rXxbsiWW7evoFyjdMpVG+OrCisF2nya52E7iAyE6FLDrwBnoDpDZyjhxAj/JrD6BDfytldEvFPHHguAhV2VxfIZlGBpxO8EcgPdKceMX8X3pWpkKZcFjXMzn4HeYcA/wAMUFySYqhH5Ne8p8jpBl8vpcofkRdjHOqH1D+WO24x2ajsqgQalBGYvH0G6C+moEGTonb9PSRxF1QIKUbzPgesIdohhX1ZMAaDtv6ynHxpXY3MLC8d3GUUmYb2yshvETh7TjIesIgjyEWcJQgigXUvN3E+QVvGrsndXjrRhCn5lEJ4gBl1v/oeA0N/lkMSI4e4hQ0/hq8sRMQNUKghvCqsVn90hEHRy19beUG9qBGWQHgkyPPZPHaZK2337E2tJ+WIZhRv8heaxnZ9NofYhPMDChV8RaioZJlmRRwvqRHm7tV03EAXk8/EnfCe6WyeLiTfWroG4D7xLWscR7D189dXhJOYw5a8bIASMN+y27npBe66245ArG0wbYjlauShuzfJ3xEzO2C8OYs4zdvN6U6Rr96I9yCPR8XcPQ9BHd3bRWbCypHb7SJ1/PzG9MjFjI8y+assmY4rb7dt4lhsxkz3+7zx15GHJcwTNqJc0zJhC8mToK6fJaYCiiJDfeA31fxdJrz0c5p+4BvhpVc4AfbEbpTMcCZJo1TunWaUgJgD/RZgFduFLFKKWrpIQMvXyrgijhxzI5RkmyPTS2vGnKPhohOjBcAGRaM66oOlMdtq5gAYC66BmyFLkdF7ndExJikI6j06QskmAfbCvQuZmFThW2U/FEKroYGMmQWog5jCVql/zPheSQJEYUGSdjttTdrP5IausIW58GbX0LuM4u/Kgy90D7EfPO0iAQw47K0uhlRWgeWARkn7zaMZMY0Oqljay3xbG5g+oA7JO1SsLozCwrr8Oja1JVovnQR09+aneLsF3KcbhQpcdHGM0ovKMgbak5Dey11d6WmHyFxDk6xTRA5D/gDLBJzBwURFZsbKY91bkiCJq87OxOPgj6oj/H0Crx/FpRQsni87AWOub4HqxxZAowAdW+EOr2BPyfpXAfO54pr12TbmllxS+SJrU7lHjFsyFziVBAgr3TqCEkD507SkKjgtjlIAYO1vuEo1A/lF2AXTi6KgxYK0SF7EGg32qbnqz8kuXWSuq2CMuHHB2LG/IDbpgB1C83cXbAvGFbs8gj8sUy3voMI+GhmleDC+x2J4nPb0OfRzAyIHh1vaTft2XQigP2sIN4rIu34A/a3gDzHC5i5Qataw1L0AiVQ5KkHG5pLXM/gTd/dMwZRWAFSy2TvYQYhmDnAHa9XhZqI9P7qtZuzmKws8zqn3b7JwEzlpr//yzRf1SlhjXU/aBf13wyItrh5xCyoFAzgYBokA/aC2kcRPMltXRScchJcxA2SusTAdXVSqzOMDoy/DQhceaANoDgW+rymigxRDiw/38qnjkBIH7asAYKZfyb/FtE5SyEUg+A0y87yM42qjdn8Tp3qpWEKNAhVWgv4lsHnadm3OXcOlJeEGVUCQu/5qRohkbIzzQXIbgZnXC3NvODeq2/4A+yr3xUwGNRsibcDsMZcmUFWtxqwguTfOBpP81Y6IfdyCEDMj99LvOHB+mL72X+WyLiRa5x8atrUcjRTZY4XAX6JeQsfvOIS31vKOBsjq80VXdpaXM4hzx6h8auJLsyZJTdbRzKbgqp/3Kczh8XTHPZCbd/AoohU8y72yuNHXL6k1Vp0uvIDimUV4DShosQsQo1p9VtqL7FRfg+wrVia7pgRhcSDp3A0z5Uk2sqGCXm+TGhgrtesKmAKih/c84UCbbSPf5HupwIMS0rYrdQVcnB9wCJGgVVd/IqYQmSt0QrlTTJDklkIr5s+HrTaNeQnhGpfrdweEjszVz8cQjKEUY7f6y2+1DiYbYC7JWJ+UoRjq0qDWyl+X
subscriptions-segment-8,PtpPwAks7FMs4qXb8sfTBmoJwHlCO28L0VrlHiV+Dn0E4tqrUpiV7J7bq+6Bi0xR++7bwEkkycylzkTbJH5iQervuE8yPsVIJGvE4aIaRbIjJR/wMvF6oCIGkBruNB2DwA+nus8TAuwjp6J6IgNWTYiqGAMHQDn5mB6gZ4nybgewdHQ7oy3vTnxStxlCKmAx0+cMFZ0nugYra4amTLd1xBKQfG+rRyASzdJMstZnGpLbBQR6By8YY8GB2n2J+KGZxoy2SuOM4PHE4aUdmU76ODf/Tmyd2b8o8ynp9vm5TRwHTGl7kx3giv2zrt/GJg5fMZ4XeymSu2b+Zh6IQmClw3ukGYw7e66yK1Pz/dtEYTMN+qTHol5hqJx/QEUXtQUb0S6N019Z1CqnDtqFZ1K0Uk1mT4NJb98fRIJsBkzTCQoM3VI70o5eJNpKNZb5EBeSCMUQ8llcone/sQwFI0SLlr4vyx2bjrMKMrwE1kst11tSiFNYJ2t79A/4hxsHSwrSKsXU850itA7FbJc349/Dt991R1wX9Ml2KxyzzJWTxI+YcvHE+owdWZPgG0AN/nrI68OYg99Jqr20XIGWYDizugetjcW+bQL50SDPXx01k8/JpQxznYzRsr15W8ffn4NRZtV7+pwfIpFkzVDl4fCmOyGBHZMmoJGhyTJNsw56IaWZoCJ2y8L+FDuZ/zC37PX7ECNtH1eedSBwH9+5NG+Q8rc6+N7WhnKfJX4WNj9kn5nEQohqEy/pO5ijd4Yfoq3tm3uv0xg+PObCn1GjEgE0iK572YluEIhqHp9vxz9ZCPl3VWO1b2fqqyoPgFqkB5tcNESrk3OYh1/DV3ozJnHpfFtw82aaeImMdrvvW1YnDFu6w9DL8fWT693nH5N1ru/RdhPWli8ltou2uw22ZDV+S6M7OwEhwDN2PgG9JNoC3S5ZyHbMqW2OhJrUwpdxvp9XI2vl8pyAcXSjBAP+y81YD9iAr1ed6zV2SlWSHHTsKFDYMJYLPldIl5JXyMk1HJRHnazf2a1aUBhaHTE4UkIxYMw1/JooeYEx2YU2RYL7OYHLlL4lJPJBtCp1c6YN5DKHuwX9Epl9dezOMPCAeTTPmkdfkQUeM41a8vVDxkhakCf0UDWZPgs6K5l/6tsoUaKCgXGPf1pzZNqJmRQiYnDwiMB5Tlp68H3ug0foGTlkNztCVIOVuEt1Pu6Sz/YgrlhIgI1pxzZRgcKg3sOoVIectSTZCdQTSXzhqtLX6Tf445epjQ/gj+Ue81K8SkL52dgxbni6iMF4lFAEfys4IpN9MrCPH7idY+wGAqih2YKIqbcI86cxIcD/HU6wpPdUHQvUOt/vTsi//WERUvxx8VAoNoEebhPtT1ughZZPTzT73jOO5ti5XAlzK7aZzNyK4Gdp7J0aq3Lz73dig/GqC0UV2UsVae6CFNuQp22rqLak8i58lqJQ2oVlPJhkpbs2pYAydtagnHpD7FVQhTXo/5ZVycw/iA46YNGS9xByl6NPWFGo86NIDF/KshloNoR8Y1qGShmziKN1HST/p+j2F2y3/CtpDgGlfbV3HoKTywnZyCSk6QY2xyDZ3v01SvUkzpJRnphQ18u12OVLaoJyyXg0YmIS8M+SeedSSZbT/cMfc9y+5w+u6FXGhgbNXtyjqRtHsuxvA6GNT4gWUSJrgi/xqol92d1EZQKODprVurPZ2j28XimE6uCsjfrxm7wfaplyg3wQA8oAddIRemCTWVtaJO70FVG1N6i2Xuht/yKBP0MDmR36XnaiiUeoTC2CVahwyM1J0mI76zbc6wYcl2KzhejjT6MgQlRFDN1m+TopvJKoLDoOT5Ynm1g93SE2FQK4NmPxq9S34sKXsSP/WPRlkVJGYxUXIOOHJXSHDqszKBJ8KNs2mUYnUGrVUo6g4PrFruWbd8sD3xYWz5/RN75c4EI5a2Zyp+JT09hCdlbs5O7V6CAZ5zufMKxzPelx8S0QdHCWwvTfl7f8BzY5
subscriptions-segment-9,/d/YvOai2zdM03xRVRbAnrVOmmJNcPn+RSQ70sV14QDc1+0TyhJlyKGEPWWN7FRergu7lj+0UynpA9iw+7jdzNRZPlStmFDIC9WIqvGW33O1pgOKXBKhFU23m3J02YJRA1eTvVEJhZZIDfdRYgAfetahpZZlbCUSSyjzeYf2rk0E76/5ff9QdSFciXviAuzXbsVC1T7eqvbB69LUQ3oZKuAFq1Fos5pKYJYeQMRy/85ypmCdD86xCG8Z4n5hjUpIOfcLr6aJp36et3rQ/STDlkeI0u7x8QCeZqQgXRsRo6Ox0Q/NCx60bVRaPqJ0DL1/7oPfWMTw0OSLrOtGSIVAwZq6NRopgd2LMTN1J+aYoPWaPguBM33kq89dEC98fMaiVXWgx4cE0NPNCdCSua6nTvNL1SxHczpXehX6Vtta7MmSdh7YEzA2HzZa41x20UynfufvNTzz5ur65kxnsgFtgwudqyppyq9YRzrWTCORZJ+VfPENKA9vaRkVdh1w5YLSFnX+pYEb5TiwWpmTj1gnKU2+mORByIRV91scwAGJ9Z5XoIebm0MduRTlWTlc1BhVHr1/w7jrFOZHjBkUVMuvPOXASPpK+mN4v4XtoUpzKe0jzgIbcT22ziCYY8FGE70on120EKc3OU7M6nEUPiEbRyDvB6vintyh1hv5/o4iDr+y3a2o7VV3XyyNAUW+z67bI3H4Na4oUMkUvlr4VDYaMDEjANzEoTcEFvsYeo7iQ11//E1+Ym7/brA/MoFuHMY1nNeZCkGTR1rLpD03Ez/0HrW5W0D1VNjvywFsa7KAZOsIVZXRunB5r5IOCMwP7GxEtJ4CGMDM1OkDavnXUt8JihZoNl0W4nId/DHTCew1BngSNq4Cq4b7jXHwrM6EGm7eVpSE1gIArhOvecyRPfC5MLhwxrt8MSnuoPemU//vnfchLMpH3N66/szUjJc9x3giDhg3pdyAb1wBqt5pWz4PHQ0+d0Oq5yxZxCorzD4qRDbCheAMy+PpzfN+SQjrjOOnhJgu+qSUQC6xXx4/ORwPk74RfEtkkpq2HyxpJkPv+KkeMNdbmsfxduGCKIn0vZyCTWLNFJdFjJCft0VoBgDY2582V0OHjR2WbD7VemYQL1u8iYmlDx49+gSrBkFWvkZgQ6aBS5779AB4rhncjMA5yFvOZMLISeTg9yIFn3F/u2tgBFGmcGo3gpZ9+4xiLc5VNMJaZ3bhJzDYMoQJj2Ne+4Da9aEHfJRdORhgU7bn0BJUSsj+5OSF25IBsl38RmeFtxwTbAIoIGVVljzyu8U9S2l96TLIl4x3EdifnB+m897ra3Ich8LwTb8nBo3tG1U73rhrsJOOoESExONyDo6HstkQ0KemcmCwG3DGo0vRx21l2Vz1flzzDcUMkcH3eZ8SoFp8MR3ZO0IZCEvQKPcG2bu20WngLfOYJg1ePazJzo7rUf4BAIFPI99RF1+cPs6iocWj7UGX2JknzCf3jiPkx/08CRmqWNg5HWzFFh+C/hiimzMvO5cwfvMnaTTzDjxVplPpYfSH8OpOxUaeCsExxEfe6P2NbmCTbtUXus7I/aa0gVXSfdstACRdrXImKKYHCpPPoGlyvzFWqWjD6QwTK5btPEP5Tk4uXwrbNRbsp6ICRAxqJHldp5aR1O3ZdyNirClcznnVQhjohpw4mqSN7WB5S4p6JORRwaGxt0prrJD+wZLQys8FZz1ZAqDvPxWF7D19iuPl08pec54sPcSmDnvfkqtQ2nQMFQw9ECWTWxyAqR9QBdVDL0BJGaQRE16a2OHl6qgM30P9xF29t0DTq0pYnly7oUkMvsQUlJ+JUQDP7zwbPLJmB76AqDSBI0VmeS4BeeQ8qia1hRSzSS4402fDtmwMotWOhzCfy2j3uMyLKH9xWEIaK4is3/AAFX4iFsD8P0WvUV87hrbtqrZnae8O+jJTbxpDACiJYJsWtHQk7qI9ypmkfI4CnAhFZ0d4R0Mr9VBhG/X3W9ob
subscriptions-segment-10,ygHwJrA8v5Xb7BpwPum3twoLiIDOnnIoIerbQJP1ll3zNu65qONzj20x6VZl87FlN/BhQvFv4VlOnlHCOQulxakYeclfphTVrTSKCIcLd0u0dOfmg+i6BidmPn+pn5BNZej9oYl0TwbH0BD5O9BgcizKpq5asrwko0hmPfGDYxMhnvlu1YXduLpsX0O38Beh65ARiXgok2BE/sIlsDuuhqkZFSjKZYpoK+ojCpK/Bi8AEnqulq6aRRxEg7hJVNH2q5OJdRdwD6BLwLq1JgLStwrNcVwHU/xBD94IlDBwzVIOoAgdbceHpdTLs/19mumMeKFaVrrYDEQ2+ccp1TS1S9HO9unOjdgRktlx6QquD3kc7n+rppsvztf/hUK26yBrSvsLwJ6MvoEx/wezMpaEzYJBTAC94TjAMch+spsSOfMofKI6uDUW9HIpQ6lRF/40BY8AEj40/O1aiwBqzpqzmHRGJuTm5C9quF8g2Zbd/U2QHDthZ2EfaeJ324UR8Y6sgkdavSC2ZvxKenNyvk5R+MGEJS5oy06S/mIc/lK584/o/c7EGK2LnJ/plMeGg48trHsIhrr0bmim/qulDi3516f0B2E8b7GsEikSiU0rHWm5UN76VA+cDsTUr6bCDb46UJbXD3giBpTtHyVf8xypiGsJWhJGr2IjLURKoMCHsTU9ycPwPE8Dg92LiWLZnFMuab6kDHSCUxDtjWQ7PRMOJlqxr3d2cOkAdJjWtf8vxgAW7Q96lm9Iyi8mtLNYTiSWCXUkixtNpxGOoCpAR6BJq02DSUyTa5oM2ggsx6nkKsSMIKdn4yXLb5DFz3hlHns6kE/dKS1//0jcIFfS56W8/YO6Z5u1fuSqMxGlS66wEcvLdtiGma3s8c5/Oxt9gi1gT0LotwSNEm6Uxu7n/WCWFBJiq/uMmKjeBEbIr4NhMsCIiNgtaKY1Wr275anx2Y9z4Slg5x4DFZqgxkzcfyG34U8VqioLJ/iJrOlwQhHnDIO3EStiMn6oVSlyGkrxRy/jXXi/4+rGLLfG/LPNJZKgNK1TunqFROI7HZzgXhw12UoHhgMGGTLviFBDo190odMXVTICCokYeEiQsCpg8Bj77/bKkhdFXOETHaIEhOTMs61bH85FCEvFrn1ieLs/mvQFCnVTH+18x1c8VuYL25VfWqhA/91OSCpq8gMpcWwKUnEbMgz7kCvRy7FFuzc6I67knQpsvfxXFtvtgRw0VLzdqtf8jPorhINpx2XBc+tGgCZOTVvZHJs6TzJx6OtUVFiMxYcRdbSrar+kQcyiJ3E1InfFcKKO1oTy3wY9DUdDiQZOIYy3GourTFuTqiVgm/hJMiMlyu6LHcr01qE1cDGJJJKoQ6LAXjVW9bntomFrdlDNNWGy7KVxAf4J6vjCO7msOTfQajMa7BcY+dBwJysE0uT80jh1Yg32q2OiRMgRm4cPXu47k/+SHAn77NXPn5hfyojJoVi+Efq0MkB4FLPJAN/0u1XZFiiR+v7PVNIWiUr9cDDdlRMZ3uN2P4+imAV3+NOSozzOLzRfeMxd/Wq4oAyIJaea69EBHIsXLvw1/becxBH7Lpr9FcSoKGsxANcpKJDOn8vuo6zL68PbS0/OZHpY2eoc6QoFsrTucILqogSA34xxx4HP0s1v9/sQrn9Rgi3UyUK2T4nzzP5ntg0VpD+WYj5Hkf81ii+B+y/7v+mRk+myw8GnUPY3IrQTAP8MP+bwAgZ2d0dPyMkgB+PnADBHddEifdKLV2x2ITtxRE8zBjJKyqm7Ov4YXQCPcbUos9NryjyxZLicE4IS58frlh+9zWUdzYO5hXxmPZAnuhiCgKqJFzGv88DliSBZWeTyTdNwSotNz/urX2wSs1ziu/mVGnJ/UDElGdUNQkbJI6GXKjQquEXk9NlLddn/wN4jJS50IDUkUwr3Eu4X0PPrj/58S2Gl6AK4cZlgeBlehXZmwtH3A+C7RhIyuzSueinsg12seLa+40whr+jO
subscriptions-segment-11,y7SUbqTETfiF2JB/gpR/nh0xwIzQoELpTZvWNnHkALnV1cX4BvVMu209PR4L2jFrCZbaUtTDkuOnknzczYTg66mUweciCEb5v8q9PPwIUpHqOZgtueeqwyOCPCO/vRPcQ0OKIuPfJzTYs+8to6NrmAE9wWBSNQXCt6i+pfYOBFpH1GPhs+U1hp58NZh6qXFFQbRaj8/13QnI6UIejWUfNmfKSZY28klYZPRlZIeNXNaGHzptpCU+1UheSNQU8si43qDY8nHxR4V8S5Y/R9ZAloYVeHU1r0hqNZBH+n42WiBjZfg9NPPgpnW5ZREbzrTJcBN2sYtrDUJtGFnqj2KG8BBirPL6gpaSa1wLKZCTgLDSVpfUOCdiK/E+j81QMnyYBEucnFvCWG0Ko75+kiszcEz7OEqFumg9GRdfUUfPttOgNVOFzL9TWszkvKgtoF00+TWG0VRbw4SZYpIa9UnxZIjSTLsIqKO1HNQo97Lil/qI8qmfuaimU4utoZSZIXpzY1ZHCE6M8H4Ep/NKroGVqeBY+jisqbUwE0QhXp7/otyYLq5QE25Gj/OtMNSbZpAV45LHzalKvp8GJf4RroAafPFC65KUI+0zogczJMsiyU/wmcwA1ymFmMeR0gVPTaRapleDERVJ124wVsaZTzj48FNGRU8h+hheO+QqnOavvfmaYZgUxnoJwYRQ5IG05gC10JJl4naU010zXcK3xTbJjsd7hrVg0QFlHOXAlQ7+dQG+CYr6ay+UhqnjA7wEZ+h0mKxXAzL8hZgWZg/nG3su3jigzVbeDBz2iJsxZr4m2JbDVUBCJxe7TN4+R1vnsm0hENkgkG8wCGoCiFmsXDMVV4YDYSVsszwmU32j2a67j7OqxAUbhb4/bS/u+CWTpSEWyivgHJ6cwEKIvXOsQK6rJBzdteGi3ruyL7f3xDSqJeh364g7x3VTFAqxewqmG1Izo1oiN5lphjHNq8COeXyKMS3x3fSrOwo7fDjHBYsqMSLxjHq7WS1pcdHGwB3o81JuCursBerIxUUCq0VUxRzUEJsZsGzOyb/2k49HdjDAnPHjPeV8Q5UC4poZIpzhKWiSgwHFAwx9gKRTL9ABLKZ2lbNZ+C5UHDY/2mc+m3yr6ar+aqWWaQ7JIZY3oJAauKSR/zd6M+J3GoB2TOh2Ycj3xlBUtxE5Zc/L8d2ElcqROo8FB1+JqGiMcJ2PBYvJ+XprfKvIR8ceOikThsfPaKh2ivALJCyH6KOIL7p1D4R9/IdFmEY9I4BqZAPvpZdz4DzY+9ykVZP2TFuImW7VIZETDBQUeHoAOiM1Mko+tb2wB2Ob/xijEMRZVTQTi+2a1kRJUPpOgY02oISMvERcqcWu0C7UuQ07K7c9YtINOQpDkk4b29ZGay36rTn9vZB/6/UDCFDUe6as8p6giRHOKx7HFrqQj6ZhB3vbX+uOXRukfj0nAPpaH6ukRdmmzr/+FAXVOmZMBeyOJyohA927CiHXIxqgfhJ1/xJTircm9bVIkAXue9sISqMMIMhZ7pPQ14V1GgDGc+ecimzmnVylV94wgebts4yBEkp/YxfonHUVj6coYMAhl9NxH2wCBd/uSWoAmSWyRyekU9piUX8L2uXN4MtQsCmbF3up91po2uFERruMArUdvK6fFrz2AqDjAfdB+FZIBSTgEiHed3svS7BM+LViCYre0iw1hRP/Q0YSOWR6+HvAtZg/EhA1ZqOezs08fwG2XDZel1r3N6zWcATSgoDCyv1MbI6kWt7JTGTHjYLzJzNLV4mSx025uXJ159r1zj3y4f/X4kURrlrwl5QCL4LbQwvJFjSko7nTsLyQlqcMfAGMLOotEoCvsFoEGy4jqZKmgeHTr1TlutYVA29YAfR24k+6fE3gDVLVmiN5Wp93/iOBDJDpvphC3vomtpxOQO2MIA3a4tsFzTftVsgsq7YGsjbfYbA2HjC3AkU/HX1euvsByc7e0yneMzJvzRDYrX+I17GFzfCgd2WL
subscriptions-segment-12,zAtTqW/HpjmXuvz/90A9SGUVCoWgCyzcsQBkAV5SqrE4Jx8G8sMQ27qDQdw4rpJULquan6J3NPqHHzP7+dDexRWCZ7N8yn12J0POajP/XMjnBAPagNvmdn8sJLQiTjJx8Q2kuNs2leyDKFkCi3qELMpbTSTIjAV262vKESyvWlNgLZKOXqHdGASAyDnFre6y/bpzDy0ueQ5KPJ2vdhsBmiyAJwWUKvzUNq/zo045TZIb7n2g/HPsDNvxH2UUZykgAdAV/KHNvaEDiOF87NxVULn6O5nCFdOhsRmR/TS/IExcwC856l1KFpco8CSFlRzynuSdksOMVw+sERz6kAzUneOMnjcFsl0qb+/f6OeNlx20lUT/+28CvPnHJjK+TA2kp33z+KivRpXKoiTvb8/LEKWqouX+zO7arS2X0X7Qu6roEgICvTMBEklYf5ZxMpGdaer9mjD26VGFu4f8z0K/swsicYSUvn1lmpnoCMZo9BQU2TpXqkFQI/NVStDurh2A5aRA73FOEirmcc6X7g0k9kKv+ZWURmLmiZRqoo2gU/WqvKhpAI1iVhTTvGVHSN9PqfGoqOgmtGe0mJSogPXh5pC7nqiLZxwnOPAcCQBNtuLESWwTxwLslgh9uVGc4MV4vpT/Tv1ayRcr6tCCL93LNlx+dVZ1sEZpcT1Mb0ERP0wCQCyeItONmFGbCibsyTtH2pLaFJSww7Q62ABxOB0NC2Rw5wSd6AJ3FuhJwzaWZSQ9cIA/BbT6z5JxCaLX+OaMiR7GNiIt/jpFUdCwa4bAiqG4HvLsaYG7O4GTTMXbh8R3nqjceDDXPkevJeVYMfF2FlVccJ7jygb+HORL5qd9CGOwUO80qzT+J2Vx5R/hiQ+GeDc6cgVE7WPxiEGy61qnpx5DX1qwS95jmRRHVgK7X++2ehpnBnr0wFyr0ENZjKiDMd1Cs7ZU+NpBl1Bsf68cLJZiDjqb10D+ANhB6B6yPTLjsiyMXVamZxtLDitHMs00VvK8k5Hgp42l0GzTKJXdiEuXRaDupiklsMl4QpeW02YDG5/OdYUDK76EVbMdGIFUXgLp24Gy3T+/rJ8HCOx55DhHrxyCMX7sS4JvgmFZy0GQ0CFe7Xmc3kqbkJ6c0oSkAkAQSZL3Qe/+enzv9lKOoS6vFqo/r53VHJWOHCaTHy9slW87GcmNpqraqwU47Q3Xbqxbp6smV4BThbBTL0PtlLa4coIQx5whkjSN9QHsldLT1AK4PChLMn2miR/QUeLnX8qEkFxm6Z33TbCknUM9AmQzFOlexvxHRt2xUrLYwjFZqLO5XNqyhC77u5y374iJL5k5yc4BlXCG1L92y0RpxTyDAhjTgC8zSoZXIITSxbwLfLDdgHlvmIUTtIr1zNDHeu9oi0ShXgMjXcDf2nlVHFSOHrI79lhMjg56CPDkrVIzEx3kprvxeylxFL/2nH/6iVrFkqYQOdfiZej/sx56qoKTHpB6HGoOn+kmTXraLsk1REHpk2zdB02HMLXTxBHedrGwOoiE3BWXUsBM3CNh9CBgN2gHxZ9RpvIbv+yWbLlvu6cwg08cdlkaZ2NXvAbTVhImH42fpx98y6/0nMS2Tpt6d3zWaQrIFjBzJLVfjL+XJM1B7mju5mfVEv3sz4ZaAW2Dntuwy9iCt0ED6rXEte4ca4OycUwYSDUmr6ZzB/n+O+Lo91Hirv9LCgv6eOzzdh7CFYUZfs9CWJ4f8jIcVYT4ZGUvYwT2FjTh0yl2b4N6Dk7R1/MDzr/NuS9g2FNP1dBvblFW7DBMild1hChOcPbbNiSF9/Hrq53EVrYTQ3TpI4Bi6qLCJMv/6cVniSy2XAg+az69tAWbzi7eFUKE1uAEceaPCu/Qn2KB/aeTgAQuJXfUFSgO+wH2afBKatR/rlddbhhn+lDFpaIAtDkJObB2ebxZ+NBGuKDlfE0uc5Vt6vGd8cOAr1iWeZmK/LlczoZV7UUPQiD9HKKsJkiCtcGXyTQ9Xa2A5Cds
subscriptions-segment-13,X0qsM+CfP9yMd5qqlU+kqIw3Au/Slhav85PhUnMYRXw+5DqslJc1Nozn6MJ6Z+yd5RAJhqVGRuecYIZ+GfvMQZkfmdJVI/nRoVULbWonCCqXZyVt4OTqCracT+6fAF7KnrsczKEzBddjB+loqTTbQEVuFMErS6Vn9deRBKoR4tHrQlSpjn9nhkswRD1Sh17mpI3avDRV/rx2s1TkVsS1OIN+Uy6PBzOYFmm7fARGkjQLz55TCiaeOz1tdC0RcY1x0hLWruNdICqkjwUz5e2oItPUr3YuIZspGHu8X7enHJ9Z3yMHs+VeFMnFIgctPP3q84iZ2J+AqzRxW/1/OFhiuw2o/hb0MfBu/FiPLObDWqnyBacCNExoXdW3tqAp4p4/+65VI958zr56NNNkavty5rgB4yre5lP207toz+JQb4kif/aQ/bvnLasHQzzxi5lhvapbWE5VIIclxZgWzopol0Kc8AjWYZKeakdktGLQ52Z302IC6nwnc15SXy8LxuBS8QCM9zcJARpKYo8duZD+jmpBoUdrqnAhKXmecuHMNqmdR3uCo05m4KKCXHLX4inlY22V4zRZywZxFUCVhLVle299+K8c83lyG0Ib5sUNxdBkKROEP2ggyxLOPtPeGZanrGWW6jzpYtd+bubKujGEx89IGTQX47TWOe1YdFti3fP4SjPYFoIUSbTFnkPIVSBC9jbSifvn6K06+SrRnx6irGakbQ/z0B2PS9Itd8oMdXcRa0z9NkVjdlzJovPWAPxod2LWISxSdSsacsBQak5DgMjsHcyDRASpWb8YPp1DZHwyoW4go3xCWl8/nJ42eN0N+VOfYyANuiOCDuRSagvFHOT3Bqcp63w5Oo72g9EaHU6xFBYvEUK+lyZTcWDQ/iV+6tmgLktt6qOplhNwLuUevFoQ4uYyKaxa3sHEhGJ0nQ8HpZHrjf/eT6krUiqTfnBZ8iWE3DQJBztJMht4+lVfLZkye5YeB0zcP7CRH9sGE1JRlorP3hEDvMS2qa5ircq/WeAYMBF8apcww6soXlPCaFBFaE//9GFulfDjT9ae5b0VbflPW8sMNzpBmPzAfRak430P4EzEnZwuxx5sOmbIa/RugVUjg3dOmevqRJR6YEjOQxshpKnC9K9OVe6c8Hmct+0i4HZNUPF2N9nvOVzEAIBDb1Vk1Ja8pzR5OECPOxk7AUgxuJNhJ8xGnj3oNuNrIsZPujBEZjkIk52pkEiwNs/hBqTDYxMiwgASFUIPnLUqnJsC4wlcrkzRUlraooQ0yfxEOxvptXVC1deIJocWwU3Fi2ZVjzAtiD4uI5sbijKQ/y1WsG8jmBOOyZ++G1j3hyay4xZy6W1YShge+0tglKBXmUeB5Kr0uztKhi5fj7rpAhe13eJrVQaQjyczKVHC3RrAzfxyOoa8CkrI+HElSGd0pZY6GtKtaEH6ux+Qg86Cj803/O56la6AlgC+5viHeyNz/sit2aol6t7wD4KuXHXAvF7opmH+xMlJWz9GT2I04KzS/mH7GUE0erLMrMmJqMdrgJyrs+fJ3XvCzefcn8oyvfNSa2lrpv2EKD/HEFMgR6tjsmvA8MsBDDY6/6ttEnKgta1u2ja7VL75w771anBXP9uCcDCLjN66qDQPEZzlTx/vAUsBaVk/mX66g5m2j5Phw2beE0LJms729L+TOvAv+2foM2rc+gZNh/87JqmGFFdsPFnGz63CidALgFe42jxormy6BLDRF9YVyc8lS+GSXST997Ogu8XIMBXm3zPjn/QxrN4xmyqIMU0u/4e6WRKmFBIqFz2m0bxTsrJ/mJ5RlsZ0dvSQv2jx5tQ37oT6G4O1EDu4gQtKUheHaD2KiUSarJtLTffMOtntzlOK+Z2NmpPzWYZS4c9nqfFMDbTRvQJPjmUeC/3NANyTm1PNRd+o73puw3IxGjpxSrfBJkUyhBl4KDmf/Gjg7LbvACh8n4jvBHwZvKt26bi+PURa/zUrZJyvCQZC0Eib
subscriptions-segment-14,F34dcG00FlpFHG1ItR0HL+JhcsA9CzJsDYpaajhTcCXxD4QinWpm1Hur/e8chVhku1n6pe0j5JzmG93aN/6Nv1HTEs5F75OQ/7ep1cLM6f27p6Xf0Co08MjKAtt55igjFjlePmBRUH9XQF7j++VtNhM7aE/by2ZYlRis96h/MkMCCblqT8g++nKERI9WjkKuE+CURD/o6xccGsbz53I1n2f3dsx9VU/xH0dOM4iX4UNs3LTChV1Ed78CsQQq6kClnBs26+JN0yX4Wonb3ncwzWk1VSRmuYL7F6W7sui5dnN8ilbBPl/RYspdlk/jmrzeo4lmlhwbHQEluI/zlJBaJMpYVB+nJC7UQLxqXzDHJR7huchXFatEMhvfR4JOxuPnz8A1yPba31+brZunnbJY+O2tdwjjvmSiGhmHkEK2jF2GrLE5YGLpdL/jBYhGqeyAu2CfCyUF+CsoSCRSQiNteOxFr2niuAWkNaFpMPWSh2s/e1fa0Xq5wkMCTRXV9h7j6+dY9gKCne3KPMCnoIlEQiGSh6z0SmQC1tDVRDYoT7+JUh70ER4cQvfABBBw4dWiZkzpKHxIo9Xq6j1KGhGc+ij0sJfFUxB+J8Sd8BZKAdQ3iC3yKz0xRhfSVA/EmWg4NhCfOIkwDXZq83XgteH0JdnZJ9EbFr2N9kbOAJUHN0J77PWs0pQwmB6m0bhOCeoQIr4591/mIoEVwimdBBpOzN/XV3y3Uw2OzikXAGAV2QHUkOirgC5ro0n2icm4u/v1nZm2zrCPAh8PY+Efw7e0IbTPLm6/ywEuRfKCF+3x+UnmMr0gyspv184Hwrt4sh6UPFs+BRTOfhvQHnV0u6zyQ97F010+qHDjDtcMTbC5iY9PPthdsXOnvzZAAUnMuoVaTmdv8SjLvXWWRSiyOzMmGal2SD5OT+orU5CaYm1AqDJ7c7il4QR89CRdkGR3iO2R2JexVn6hm5SorhSjCZn4s8cj4UPOf+e5ur07dNQV5ZD0I3L2mRrTf0HayYjMr5PKEyv+cxdMydeNvx703/URjm+csYzX8NN501Gi0VKIgqf9CFY4Ik5gaHE0W0mURW61Bj+UMT1Ow84gBCOXDpQaFDvCNHjv1mhC0xxmvz/Vb5LN0/vzoo8NeOHzLvb8WNxL6/CpVF5MAI2sEnYAswm0gggrAXD/WCL4ewtDiEXt5GUAp0IsqzbytPAllnY+UTDcw7qVMZIhVgueOgve+rUZ9JrcpVKto9ByVyRlK7aMnPsa0QEbStR8oLzfGWvH28M6Xy+3aXfLKo+1SUzpGzODxzSEWz7qtijIFWOntlg1cw/OGYtrBPSr5kyBsPSdRK6D0HHU/bDgQYxhKHqj5pf2GRLz1RCIQ37vIUeq6yz1h9p7vMZaji3M+082/T9V6PI40vpYV0I6cvtyEXJI50BYxxsdRILMlMvripQngTiqmk80vBxZtVUatHCsUBR/z3Nr0wX0cQ2jR3WmKfzEJz0vEB2CGVvc+hA9CjHXRK7Goz4axhNzSbJtj7j2ibibvLFzUqbNRnRwVAIQQjSZhOQ94tugLc8dT0sZbrq4iKIcjOwQ4X8TIV8lo6YBwqYYBvaoMLkp1m8wTk436gVSrUVQvrYB52YqeeiJjgEFShEQCzPkBbTv3PUIXz+XYEggAQQZKCQwCeHhoSQi1NB1vKfIQgkivteOiWdMxvepTJk2No6W/jQUe62Agcy55fQFawvop146TyU+LHUlFWgrX9Cz6ZNHqXpHY60Jc8+SR3Q//AHnuFigSoXWl4ilkuPN3uSeoA5pzWKjhklySPSoinZuliVKC2mTBmOsvWyQITXBL/dVdVAmIgTZRXhJ770D+tS+opAkTWf/rgunNZWy3AT/HSvrByQRA/eZce2llJbgXZrmMfYy9ht+HB6R3ZzBNTKUEVtizfEkc+fWNFfu0k3YiJXvH7Mnk2XfaBmBIqzBx5BJYnaMBAsF4g11jGqWCeFXQiICjYm2ZSuArSLG
subscriptions-segment-15,0QLX6b1NfrtcjiFJ3oEBrR+Bytdq8EUPB1pzKki8vV6aWvexm/Ax+zloW9WGefcI4sjiW0AQKXWPc/l/ttvtW07yJZT/hPsLtDAq/93w54zbkLVkE5BLFeDdsxbUM5g2gbRR5fL+TXO1hWNYc9P8Irp3xgCkZqkVrCXrVTOzc7ZDlq6ZmdBcSkc8biCASguM3BdSwadfTmJ8D9Mr8A5l94z0c0lxK5GhGmbJ/RzREyiExosq2/gz/vJH8QyT/0Dr/jY8Qrl1Z5NNC7KwCWQx0HA91SOjwU+0/0zWLGAbRNp9mKFg5yqRKpyUsLvgGW4JVKlPqHpadqVvit0zM/bM8ElhatP+OyO+O06JQqM6bSmJTLSWT8nNGBs+tnI5jO7+cSFC9ikBk30JWCrFeqJDPezXFGK67WfBTMwfEfCkiCdvdQBSn5GJSVpHN/k1PgfIl4SY+WxqaBA74IYtsIwvBUKU1THxHHUK7EAyyzwfbde+0v27KD5SvC543Xgq/xHbDgEmGWzqXQsAi2DxOQW0FDcVR6qanjiyUuLspxaBmAnVVO5i6+9f8tHbBp6fjMSVCGZdvqyL0V3gRr8gDN/roWzXbFj9li2JSivdJ3ovATY75Tlyc6E/MTV4UTiwwcN1rdxBWhXqagAFtVtkLYkfjkDYbQztlgsvngJsvQIz5ezfueJDo+U47MgcN/VmtDeOnvnNyX26xzCUwGivtyjJKK3bJ9ftUwKE1no6ohLGpHJbeUlOYQOhp4ghUGIM2ySp2WmeYTyt3Uf3oW/4OWt1pE/9TzMsVjPOcpRlOku//xvOAjbGUPoOD+PsMgAMniruGU+IssnPUbw2feoo7QkAfetKM4FQOMY+SqK+S5v9XZel4InFuf1gpElMaaLzVhLd5vVBKEEnYR8LvLD72ouIFgY17RH3E0byxMkxyTsgOo4uw9UhjXeZbA4AuIZzeM+s6TW+ls3O1/5sw1LEftP7HWLemH5lo6onYX4M5KPr1IsIiY4q7z9qGuKf8Yb2WjNjM1+ip/wlwppOVwpVM2iUW0+foXxdJaOa5Laxke8FVz7iSZitrtpQUF/L0NEtSI6mU9xvlIeoKxq4Lmz53AhzMpNvi0KxXyam9oD4Qe4fO8wshqbPINmi8LFNGVVGg4Wi2O0oDL+LkXFWCB2CK1R9SIOipjdjQEzvg/1I5OQJRr++twVww02tTrltrzkHWcWXraJPDXO3x7gphxHYOJrZK+8reAt3njJh3Wss9Felv/36FBFh7NmnsW2as7gCC68jfc7XAbWuDsOcgAUnVz94iRaLV7dTV7lBmyvFWEw1wQ3lC/qVo9/4JtWJpMMDDWu1nJo/n2qt5I+CtSSUBN9ZDkZMRV2xqbZVvtUahIpwFXSGJmDv0EbRaGT9keC6pX1LLuWIisYaYEyOZA1XkjyhH9rgrPqwM80CU4GtTJ1dnws/+JD6OIiAzZZ8c0oUAE7uFrB0x6OIbMXO7sMiD4YsvT2uwZln1kBtEdjo+TelKRp0p7gsrf63YjgSZTdYpoOqJt+ddcfLu2aclyQFJE9FZxC0pxTZdDx18b9RB/x2dB5jWZIOmQt3EvzK6/UB7UUsHH4Aw6Yydwd+MVF77ytegG4QDJEnw6tfysDfXTV0NpjMGUtJqpHSXLEGlvea6Ek/MtZvow1aD1OCrjusAldzjB5tm7wVYkqmb6IMAJzvIFQBHC21gE1sKzWupAaSwEyEejFoIjOOwDeHQYdYjJ6XV7l+mVSR+4gbpGpUwgIxfW7rcLFO7pAaJ385U9wGk/0WPLay4GL2BetnSPTZibMQKvzMvOKKvcxTTxjpkK32dQqqWO/mYmAh2uutNNB8xP9udxYfzVhJrPTEapDvsSczh1stYpT0C85b1h10dziZUSXV9zPsvXxcTPVf4omzKMHDz/cndQMRJO9tkr73EDlHQoHSgj6OmsWa2M07ijEgd+eZ0HfyEv6Sdl73l9nEiZPK6DKzoSuPzIoTQctH
subscriptions-segment-16,hKaw69C4rICVoCCY3sXJ9lvmt1MUu4cA7yeIpgccj2QcybttCPiK4mXpm7t0XBeSfvn1w0ruL3kZTuuijkHTITTmKq1R3YNSeoocMv4zCGREvc5+BK1xFYHnQ0j4oPD6Ve/awOImTha4W2Lwbckakm0xI/L3JLxj4AzTIK9jvSaKjvPgZQSrj8SmQM5PXeXy2x0uFXaTYzlbKDNJp23hZxGz6My5DlrCxVZHsV+rA29T3rDa1xIggWlRagiMeYJy+K6ITD7zXfAIyvEaUs/H91Rpd55M7DKiH0CRMWR3HjqB3d/7PxCTDxCOm3sgHr123oI8L/E05/E/aoGWbpXyEkXJRd+cBRwHiTG8Y0phdi5nAE8Guf77MxljxAxqGsUcrt3i9xSeQwPQdVcOw72/lGdgKsMNExWEJc6+UGps9V0t+MoPJPD82q/dtvTpRuNFzWDLtZ7laeXgsbk/lE5a2sEPQvnvt+fxoX19NNCPK099iQhMsnDjysXwrP2bhkyQc0DVhOIhb6SQf5ayGtQoYKE2jU/r6RFHHfMR2fiuKeZv7t2iaLR3T7Mhxym8D1+DR/a+BiwkCM0Q8AH0NEoWN4wkDGEjQaLYNbYo/SaNl27y6sDBQc3TjsKvapXy7/e5JxpfgDhNogBQ2oEqekezaBm02yjQqqTt7jop+E6SqCHWtfb1ds6kEB6pdp8RNcARg+E3WbWp72HuIrYBpQX47SzIgOc9QcwtQPpwFrBy9Jju1TKSd/YjGFlI7mGQhgoywfreDigSFc5kVMAvTq2aZxVQl+0bC3s5/QUKIgGubXhMhjXu4IUIyaOnYgubOEzpX0nAGjuy4PY8QmcECsHcRNawNqt7HJZ36o9AJM2ZdZxIEyrnPa+R0Inx0Fjzf/e9HETPXxLk5FgSLa35IhDkvuGb8RllEFGMb+/izfH0GWYf5jhVrpOByeSi1Su9WMI9AVm2zPINOYYrP0DB7HkI4v+3WbmGM7GiS2fYrGUCuHL73+Rcyg+X9WFEESNqylK2lmQ9nv9gUmsdHFT32Egka7dD1Eq0VN91q15WxKYQaDeQ2n553aNS1wtwbOjf4loaNzrM7TxY3tdNcb89Iz7tKwmhDtUtDhnsL9auY/WB3nu+6NRGhfJZaIT8nVq9w1AZWRy1ScpvVd0huFSHpo0psU4KwY9pG9SeNP/WfutG/MZfg4tPIKAtmt1w4rv6XhVnLr+U/xUuFfNAs23AoDO2q82Kc88x7/enDZz2RI6KySUCUqwo1WD0i29fTz9YmtqnX0rmXGwIF2VWRw/y6+8ixf99k6Qrexx2/ThWPWC/MbcW3IzMlmSlTmBt+ZUsiu3LpW6UnpBpLdnauR+Q4o/CwmS39yWImkHO07NfQHMnF2Awf6yjGtB1hWTRcLOB700OohHVUQcQPrIkcy3JliiWRMHL5T67wO8MG/K+qBY2wpnMGTWGROco1J/vYmmsYG3a1FIIhavzrLr1M0XgoZafrIi42Wuuk01OBUZJ44EAxkO7Wrl4FUxFFMY5WQ2qnyNnm99+v58Iwzl32Q/iCvn2HB3HPmJuuFWsRwTGYx9ZsessUhlmRUtzBOOifLMX5oJu6tw8lDB9mBxQLKB1LZWIez4oXcNt1xKgY47EJz316dWRKjIZNtzLTSRje36fZeTYiVWqQM5KcG3XBGq9Nh7vzB8wGpyUi+1AKFHB8nLCWEevXA5s9cOZlFXXzaz0bwWV3dMjAh/crCFuD8LAPC+caEk7WkbJhDmUOSElFdt5y89DcYaMRmbknmUIlYVvhDSAQiDj6ENxzrARPHjYeFhIEmZj5dIagXG2WuPe7LLphHUukhO0BJymJb/I83NbouaYXNAVR0oZdFSgfWH9tDEn5BU4HbxY278hZjvNCC/fB1biBYrOmRbTrBvXV9vzHE4FKRGkFDQx/CWCPnYDWN+72ojR/5Tv18kCyM6pg6wX9dL756knhSWq5SUcT93If8G6LhTfhLzWFebDnZUC
subscriptions-segment-17,3j1eeM9XbE1wWvhbeHcBnCn0IlmCvzc8bANJf/m19PS9MczxjKWTWW5+v5tAU4SlxbK280lqhIjpjHSJjeCGKhi04NY08RlGQ3NymttOrlQaGMQ0RpzA68YQJnt5+iS/lj+EN8gGEthJX5epKkRwL5tUzlNUXsEPxZW0eGKCynn+aoYAH7vQffDi5lpu6kQXK4uPUT6H5CNyyoQn39UHqjJgL8ebbLXtdRMXAKurtadculXpOXEl5JpYl5lBcsMghUPb7kuhCmtxKxZBI18IamKFEriSanaECwBcnLmMtWOpKZiyjRrCGHNL88sE2vr7g9177EJlrsM8XZFO2vEyAiMQR73bRVb/+yOuwF8k4lVwK+4UlSuAjYiGUGAYeVSoUn9ft+A5drSk7UVQ83B2IM15e0v/Mor27+j6+qxD2OPrJTt6LVUVYNrYFkRuCcMw2VlRGwXi3jdoD8yD5M3VD68EZXcJyIW42M+4p2EDJj9aVesAnjS92IRGH/USdDmFHG8wtlTqswNiquse5f63mdPauHFZdqHFI+WAfJK/PWV1olQB5ousiaFsW3rSXtQwPFSDixxTeWS65+VC/q8RY30ce0fYP/BlQqpCTEC1uISyJKKFydFuKMLt+UomEh6GafaqhhUgIjMILOZfjgcRhJjBbg1b6oQbabUfs+IBuX59yNh/KxefIawIBfhEi3t9cCsKh3lD1ug4U8DyQsdhh2F7t8+BSZTrhTQL1VKbcMG8F3k0rCdVtyjPlle3FfpTbm+WvN9nL/pVZh+tGXm61bmqPSxqfKjQXSc/+3tEsCpZ5YPIQdgGELWNvn1E8B+FohE15ev6KeiUWbfsbyCTw2o10beZDpeoGdAKo2ETGZ3/rUZBO+PkjZB0HMHTMxV3+PA0LlD00g5s2JeJg8OrVUzA9UPXardNSRUcuwVd6LNn8dssMetxS8adwapgJ3aUqS1n6mwZ8c3EHTIElOtliAiPY38KU8CtkEdEP84nOcFbHTwQLE2jCKu6KAGRObd5FH9DZqcF6b7ZFw0T4yMGMdFQb99OdXFYQ3LkFSGfKvhmkOoxk2IGcHUdKxdSojfG4FZseXrpSyyvAsl/lGt6Sd8S+uU5in0dpUdxY1Jd0Vc9FmYT9emf4XOEfWpZiGHZMyYTW0zE4v/1CDybtQtwba3tHcD/ZFcjGH9wwDFO44khn26rxRuZyrIJc/Lfh3kKFfRYXKufif7W3U7Rx3dVuBz7lo+mCYtcC0JqIfqmLP/8msXpv7W7Esny9zPiNBEb1EARbpc+u4Llj6w09vc9v9SiSekPgWeDUsSCrHV30CKocJ86IDh+3/pUV7BsPC7AklD0qAKfh5QQoeUzka26ekz0xveo8AWliTyaCEgOxHkefg438tbDDmF3UZEh6Qb9s5i9cMXP4U/dlKXpp6pGebvvy2MXwiavu5FbZECVrOe7yjD1KYgJut8lp6Sc6r6mUGKTUoxGnKFg3WvSVhjHyPjMXC7+CojbZ9hydmP7gPATP0nblO4zwBD4QWZqsXumoln7xMgb+t+W9YLVP1fogYcqiBRumnIGyw69D6UpjLOPEFgESfdJVpYlDX5QBrzVDaPC3IB0M6jfq9t8sVyx7YJI7LqGlXzLmmje8lMZbuc3CvvarLsKbz+hePqx1cJ1tJJ6II2aayGh6QqzV+khtT++Y87eKI9YmKDOpJv6CEsDnIR2z2WdtuVPr9JJhZfGbMyZbZf3WPSpOpHsSTj8DjeUNxFjwpbiJhg6UtMgR1RIxQLflK8ixb+Y6VTxu3dDFTkShqKFj/T1QHZJMfLqnc6epc7K6i4ythWFQK4g2Nq1cQvFRFvjeIbWfvu5ru6ODHSQ54tzUncasAOeEl8p2YAKK2pj9sbuv6bckA2mfZmBIy7rOITkmgP5Na7zk3y62gssIAWfyIHG6bY/ynCR6+vzvt6Fm877Tyui4DNfvxBfegmHGCm7hV6u7p2UPC+p3aADvuz5CwEODlMu
subscriptions-segment-18,qqC397ofihDKRoneSnzvdTKLfAyCd4ZMbVYZWfKOvYLs8ZjWJlKOT2A31sT+Vl2flXZfPfptzyIA1dUdN3jNzJSm22GnBhLqmqOGwJG5m8/+1oO6l4CR3PdRb6oSRbvv9LRZ3bkyfZfE4I/9tgZcnu+IiQV6p98YAi/uJG8Gv5t/gDw9IbRCwRob86vTLP3mBIE0YrzLvEVEkpzLC4/qQjmTPyrnO52SWn0Ap8NPGmx4cLxc/wKIuKmf0bPgHzL6CksFFTthnApFSOW1lw9qsuA7YtK2KN2hSVAXaAnbZEcBB6Viw8fqgaCvm3lxhRNbfagLVR9Wip5i+vYGZJxOIGz1iepWMhK7v9L/LBr8xmtJ4ruGYFRF2pMS6KAZL1zEoHABZTGw63kAhdrVgQixEwvsFkUgSbSp1m4tuCvEH9ToFBw021j8DQyaTRAUYutMEge9ZQtPg8HP/hU4rpHyqyvnVdUD+nftHFTqzl+1FDwBqL58nHCEXcpdrPjWH4r0WTB6IrCWPe1RN38x4eCV6YFlPm/rPIpkdeSFDz+MZv1hUWcdoldxQcqjCt6mqa1/NQ9l4QYvEfT04DTH+vOGfSvVR4pXve2b/rO5oQe/wNwXZK7j4zMkqYrftVVwH6vAKWWG42KOgQSa4PanPZanhh3Cszn5nCj7Ed5NNbF6v2C+gzIuTlectI1alcqrXgFdg1XoRRBX2RkWmwyn+DZDide/LYoMtnRtMAUnzI9KIwq4GKHZqz+h6mPyhyahlizMZpv2vhkACBktOoxJ0/3AnpUMKfomkz3Xy6nQqxLUqwg2W/TBUma5zWCTzO+557/yZdk9S5ebdqoZSOaeAPNNnqLhfVBmaqyWu43sTyo6eNELN6dqOU+5RYsNsaGrXgYApoLzTOp9yZbCy4eO9t7YQjd2eNSwLfhqX0RVvR2q54odQiAn4+p+CGJZJv5og0sNZsBbM9iy/MKJncPubES6z6ZD00/natfqF65xs/URKZ76fXOqnz61BhEPWWM3L+yA/Dt1bAAUPKqTIqspHLX7+yxIwLMpZzh3LqVpzXa5wDdVc9qcj0b6f1q0j2+AkekxNU81HfQMGrvj22d98BMFqrvScCAGvM95BUW+CLhnPyFqBmaMO539zyDgLgISLyiWGGeXdUye+OFFyN+xt+M2poE9NOgOEWkQxPWER5uJS52+2CVSmLBsLgnohdRw2Wx6JVvyWGiYWhFRiMT1dcHm6uB7vsGY39LhmVyTO38dRQDcILkjmUwIU7KcPK3Yji8+iVzyNE/hCVJDj0G96z9lJAH1WtmFnkyFJQcrR9rilSfvSvXMRVizPBFpumMFr3pq9L87u9GKUo5ao4CqiP8uhk2xDs6QxU9qqFReJeF0KCPb7lvvZgsx3nOS6cnUGFcmHih/AgIsEkM=
subscriptions-updatedAt,2025-01-21T13:00:21.366435100Z
